matrix,stage,m,n,k,k_requested,f,swaps,certified,same_as_cpqr,tautology,log_vol_diff,smin_ge,smin_cpqr
"Kahan(n=64,theta=1.2)",ADV,64,64,32,32,1.1,1,True,False,False,1.317151932835145,2.99414138531025e-14,2.994141385310253e-14
"Kahan(n=64,theta=1.2)",ADV,64,64,32,32,2.0,1,True,False,False,1.317151932835145,2.99414138531025e-14,2.994141385310253e-14
"Kahan(n=64,theta=1.2)",ADV,64,64,32,32,8.0,0,True,True,False,0.0,2.994141385310253e-14,2.994141385310253e-14
"Kahan(n=64,theta=1.2)",ADV,64,64,32,32,64.0,0,True,True,False,0.0,2.994141385310253e-14,2.994141385310253e-14
"ExtKahan(n=64,theta=1.2)",ADV,64,64,32,32,1.1,2,True,False,False,1.9757278992527745,3.3889982866315147e-07,3.3889982866315105e-07
"ExtKahan(n=64,theta=1.2)",ADV,64,64,32,32,2.0,1,True,False,False,1.3171519328351735,3.388998286631512e-07,3.3889982866315105e-07
"ExtKahan(n=64,theta=1.2)",ADV,64,64,32,32,8.0,0,True,True,False,0.0,3.3889982866315105e-07,3.3889982866315105e-07
"ExtKahan(n=64,theta=1.2)",ADV,64,64,32,32,64.0,0,True,True,False,0.0,3.3889982866315105e-07,3.3889982866315105e-07
banknote[FS],FS,1372,4,2,2,1.1,0,True,True,False,0.0,31.499325279768158,31.499325279768158
banknote[FS],FS,1372,4,2,2,2.0,0,True,True,False,0.0,31.499325279768158,31.499325279768158
banknote[FS],FS,1372,4,2,2,2.0,0,True,True,False,0.0,31.499325279768158,31.499325279768158
banknote[FS],FS,1372,4,2,2,4.0,0,True,True,False,0.0,31.499325279768158,31.499325279768158
banknote[INIT],INIT,4,1372,2,2,1.1,0,True,True,False,0.0,4.071836668122021,4.071836668122021
banknote[INIT],INIT,4,1372,2,2,2.0,0,True,True,False,0.0,4.071836668122021,4.071836668122021
banknote[INIT],INIT,4,1372,2,2,37.04051835490427,0,True,True,False,0.0,4.071836668122021,4.071836668122021
banknote[INIT],INIT,4,1372,2,2,1372.0,0,True,True,False,0.0,4.071836668122021,4.071836668122021
glass[FS],FS,214,9,6,6,1.1,0,True,True,False,0.0,9.429435302015538,9.429435302015538
glass[FS],FS,214,9,6,6,2.0,0,True,True,False,0.0,9.429435302015538,9.429435302015538
glass[FS],FS,214,9,6,6,3.0,0,True,True,False,0.0,9.429435302015538,9.429435302015538
glass[FS],FS,214,9,6,6,9.0,0,True,True,False,0.0,9.429435302015538,9.429435302015538
glass[INIT],INIT,9,214,6,6,1.1,0,True,True,False,0.0,4.006279045869239,4.006279045869239
glass[INIT],INIT,9,214,6,6,2.0,0,True,True,False,0.0,4.006279045869239,4.006279045869239
glass[INIT],INIT,9,214,6,6,14.628738838327793,0,True,True,False,0.0,4.006279045869239,4.006279045869239
glass[INIT],INIT,9,214,6,6,214.0,0,True,True,False,0.0,4.006279045869239,4.006279045869239
ionosphere[FS],FS,351,34,2,2,1.1,0,True,True,False,0.0,18.673734842732028,18.673734842732028
ionosphere[FS],FS,351,34,2,2,2.0,0,True,True,False,0.0,18.673734842732028,18.673734842732028
ionosphere[FS],FS,351,34,2,2,5.830951894845301,0,True,True,False,0.0,18.673734842732028,18.673734842732028
ionosphere[FS],FS,351,34,2,2,34.0,0,True,True,False,0.0,18.673734842732028,18.673734842732028
ionosphere[INIT],INIT,34,351,2,2,1.1,0,True,True,False,0.0,10.784940686949131,10.784940686949131
ionosphere[INIT],INIT,34,351,2,2,2.0,0,True,True,False,0.0,10.784940686949131,10.784940686949131
ionosphere[INIT],INIT,34,351,2,2,18.734993995195193,0,True,True,False,0.0,10.784940686949131,10.784940686949131
ionosphere[INIT],INIT,34,351,2,2,351.0,0,True,True,False,0.0,10.784940686949131,10.784940686949131
iris[FS],FS,150,4,3,3,1.1,1,True,False,False,0.33266203922140214,4.638895869272595,3.2713064508408647
iris[FS],FS,150,4,3,3,2.0,0,True,True,False,0.0,3.2713064508408647,3.2713064508408647
iris[FS],FS,150,4,3,3,2.0,0,True,True,False,0.0,3.2713064508408647,3.2713064508408647
iris[FS],FS,150,4,3,3,4.0,0,True,True,False,0.0,3.2713064508408647,3.2713064508408647
iris[INIT],INIT,4,150,3,3,1.1,0,True,True,False,0.0,1.0041604883042246,1.0041604883042246
iris[INIT],INIT,4,150,3,3,2.0,0,True,True,False,0.0,1.0041604883042246,1.0041604883042246
iris[INIT],INIT,4,150,3,3,12.24744871391589,0,True,True,False,0.0,1.0041604883042246,1.0041604883042246
iris[INIT],INIT,4,150,3,3,150.0,0,True,True,False,0.0,1.0041604883042246,1.0041604883042246
seeds[FS],FS,210,7,3,3,1.1,1,True,False,False,0.20287637014689874,11.257291610311109,8.946353677533056
seeds[FS],FS,210,7,3,3,2.0,0,True,True,False,0.0,8.946353677533056,8.946353677533056
seeds[FS],FS,210,7,3,3,2.6457513110645907,0,True,True,False,0.0,8.946353677533056,8.946353677533056
seeds[FS],FS,210,7,3,3,7.0,0,True,True,False,0.0,8.946353677533056,8.946353677533056
seeds[INIT],INIT,7,210,3,3,1.1,0,True,True,False,0.0,2.791449283729492,2.791449283729492
seeds[INIT],INIT,7,210,3,3,2.0,0,True,True,False,0.0,2.791449283729492,2.791449283729492
seeds[INIT],INIT,7,210,3,3,14.491376746189438,0,True,True,False,0.0,2.791449283729492,2.791449283729492
seeds[INIT],INIT,7,210,3,3,210.0,0,True,True,False,0.0,2.791449283729492,2.791449283729492
wdbc[FS],FS,569,30,2,2,1.1,0,True,True,False,0.0,23.596146250724598,23.596146250724598
wdbc[FS],FS,569,30,2,2,2.0,0,True,True,False,0.0,23.596146250724598,23.596146250724598
wdbc[FS],FS,569,30,2,2,5.477225575051661,0,True,True,False,0.0,23.596146250724598,23.596146250724598
wdbc[FS],FS,569,30,2,2,30.0,0,True,True,False,0.0,23.596146250724598,23.596146250724598
wdbc[INIT],INIT,30,569,2,2,1.1,0,True,True,False,0.0,18.581036243532935,18.581036243532935
wdbc[INIT],INIT,30,569,2,2,2.0,0,True,True,False,0.0,18.581036243532935,18.581036243532935
wdbc[INIT],INIT,30,569,2,2,23.853720883753127,0,True,True,False,0.0,18.581036243532935,18.581036243532935
wdbc[INIT],INIT,30,569,2,2,569.0,0,True,True,False,0.0,18.581036243532935,18.581036243532935
wholesale[FS],FS,440,6,3,3,1.1,0,True,True,False,0.0,17.617194656457784,17.617194656457784
wholesale[FS],FS,440,6,3,3,2.0,0,True,True,False,0.0,17.617194656457784,17.617194656457784
wholesale[FS],FS,440,6,3,3,2.449489742783178,0,True,True,False,0.0,17.617194656457784,17.617194656457784
wholesale[FS],FS,440,6,3,3,6.0,0,True,True,False,0.0,17.617194656457784,17.617194656457784
wholesale[INIT],INIT,6,440,3,3,1.1,0,True,True,False,0.0,9.677022683727358,9.677022683727358
wholesale[INIT],INIT,6,440,3,3,2.0,0,True,True,False,0.0,9.677022683727358,9.677022683727358
wholesale[INIT],INIT,6,440,3,3,20.97617696340303,0,True,True,False,0.0,9.677022683727358,9.677022683727358
wholesale[INIT],INIT,6,440,3,3,440.0,0,True,True,False,0.0,9.677022683727358,9.677022683727358
wine[FS],FS,178,13,3,3,1.1,0,True,True,False,0.0,11.052320423160975,11.052320423160975
wine[FS],FS,178,13,3,3,2.0,0,True,True,False,0.0,11.052320423160975,11.052320423160975
wine[FS],FS,178,13,3,3,3.605551275463989,0,True,True,False,0.0,11.052320423160975,11.052320423160975
wine[FS],FS,178,13,3,3,13.0,0,True,True,False,0.0,11.052320423160975,11.052320423160975
wine[INIT],INIT,13,178,3,3,1.1,0,True,True,False,0.0,4.773581947425206,4.773581947425206
wine[INIT],INIT,13,178,3,3,2.0,0,True,True,False,0.0,4.773581947425206,4.773581947425206
wine[INIT],INIT,13,178,3,3,13.341664064126334,0,True,True,False,0.0,4.773581947425206,4.773581947425206
wine[INIT],INIT,13,178,3,3,178.0,0,True,True,False,0.0,4.773581947425206,4.773581947425206
yeast[FS],FS,1484,8,8,10,1.1,0,True,True,True,0.0,24.563003117347264,24.563003117347264
yeast[FS],FS,1484,8,8,10,2.0,0,True,True,True,0.0,24.563003117347264,24.563003117347264
yeast[FS],FS,1484,8,8,10,2.8284271247461903,0,True,True,True,0.0,24.563003117347264,24.563003117347264
yeast[FS],FS,1484,8,8,10,8.0,0,True,True,True,0.0,24.563003117347264,24.563003117347264
yeast[INIT],INIT,8,1484,8,10,1.1,0,True,True,False,0.0,2.1529240725656025,2.1529240725656025
yeast[INIT],INIT,8,1484,8,10,2.0,0,True,True,False,0.0,2.1529240725656025,2.1529240725656025
yeast[INIT],INIT,8,1484,8,10,38.52272056851645,0,True,True,False,0.0,2.1529240725656025,2.1529240725656025
yeast[INIT],INIT,8,1484,8,10,1484.0,0,True,True,False,0.0,2.1529240725656025,2.1529240725656025
