dataset,method,runs,J_mean,J_sd,J_best,Jred_mean,iters,prep,total,ari,ari_sd,nmi,e0,ee,Jstar,ratio,label,det_ok
data_banknote_authentication,random,20,3453.3022871766975,0.018630947739152928,3453.2841279750915,3453.3022871766975,17.4,4.904499655822292e-05,0.004211969998141285,0.01304635692407013,0.0001738785578574177,0.010818636776689084,0.0,0.0,3453.2841279750915,1.0000052585309904,Random,
data_banknote_authentication,kmpp,20,3453.3059190170193,0.018254526154199226,3453.2841279750915,3453.3059190170184,18.55,0.0008372650016099214,0.0051181500006350685,0.013012461753181968,0.0001703654975846703,0.01078331241954436,0.0,0.0,3453.2841279750915,1.0000063102371888,K-means++,
data_banknote_authentication,kmpp-g,20,3453.298655336376,0.01825452615436642,3453.2841279750915,3453.298655336376,15.75,0.00036145499907433984,0.00404868500190787,0.013080252094958295,0.0001703654975846703,0.010853961133833806,0.0,0.0,3453.2841279750915,1.0000042068247923,greedy K-means++,
data_banknote_authentication,ff,1,3453.320446378304,,3453.320446378304,3453.3204463783036,21.0,0.00011049999739043415,0.005097199988085777,0.012876881069629309,,0.010642014990965471,0.0,0.0,3453.2841279750915,1.0000105170619813,farthest-first,True
data_banknote_authentication,pcapart,1,3453.320446378304,,3453.320446378304,3453.3204463783036,8.0,0.011379700008546934,0.013230000011390075,0.012876881069629309,,0.010642014990965471,0.0,0.0,3453.2841279750915,1.0000105170619813,PCA-part,True
data_banknote_authentication,varpart,1,3453.2841279750915,,3453.2841279750915,3453.284127975091,15.0,0.0004521999799180776,0.004077799996593967,0.013215832778510952,,0.010995258562412695,0.0,0.0,3453.2841279750915,1.0,var-part,True
data_banknote_authentication,bf,20,3453.3131826976614,0.014904758191376303,3453.2841279750915,3453.3131826976614,10.2,0.013336419998086057,0.01574990499939304,0.012944671411405637,0.00013910284628593418,0.010712663705254916,0.0,0.0,3453.2841279750915,1.000008413649585,Bradley-Fayyad,
data_banknote_authentication,qr,1,3453.320446378304,,3453.320446378304,3453.3204463783036,16.0,0.0002480999974068254,0.003951599996071309,0.012876881069629309,,0.010642014990965471,0.0,0.0,3453.2841279750915,1.0000105170619813,plain pivoted QR,True
data_banknote_authentication,maxvol,1,3453.320446378304,,3453.320446378304,3453.3204463783036,16.0,0.001173200027551502,0.005110400030389428,0.012876881069629309,,0.010642014990965471,0.0,0.0,3453.2841279750915,1.0000105170619813,maxvol (PC),True
data_banknote_authentication,rrqr-i,1,3453.320446378304,,3453.320446378304,3453.3204463783036,16.0,0.0017481000104453415,0.0055376999953296036,0.012876881069629309,,0.010642014990965471,0.0,0.0,3453.2841279750915,1.0000105170619813,RRQR-Init,True
data_banknote_authentication,rrqr-f,20,4026.9716036503946,0.0,4026.971603650394,1558.2906901976776,12.85,0.0016164050015504473,0.004833459996734746,0.5719910925658024,0.0,0.4619776295612871,0.0,0.0,3453.2841279750915,1.1661280839962906,RRQR-FS + K-m++,
data_banknote_authentication,rrqr-km,1,3453.320446378304,,3453.320446378304,3453.3204463783036,16.0,0.0013192000042181462,0.0053727999911643565,0.012876881069629309,,0.010642014990965471,0.0,0.0,3453.2841279750915,1.0000105170619813,RRQR-KM (ours),True
glass,random,20,831.864497601319,58.013397423887525,770.6550577355262,831.8644976013193,9.55,3.48049943568185e-05,0.0020456949991057628,0.1748715435871379,0.022810452515449154,0.31475499041780053,0.0,0.0,767.0828782174,1.0844519167661035,Random,
glass,kmpp,20,867.8447871683284,67.68106382579376,769.8472402367682,867.8447871683284,9.45,0.0002727350001805462,0.002142859998275526,0.179088019506398,0.03669473202029229,0.3169300295554135,0.0,0.0,767.0828782174,1.1313572650520969,K-means++,
glass,kmpp-g,20,780.497698637894,21.01324349593179,767.0828782174,780.4976986378941,7.6,0.001177065004594624,0.002602770004887134,0.17267282816693694,0.033993920217302354,0.3222631194941888,0.0,0.0,767.0828782174,1.0174880978332723,greedy K-means++,
glass,ff,1,820.1933852864995,,820.1933852864995,820.1933852864995,9.0,0.0001534000039100647,0.0018103000184055418,0.22428202469085656,,0.35222751181098794,0.0,0.0,767.0828782174,1.0692369867419298,farthest-first,True
glass,pcapart,1,790.9365661246402,,790.9365661246402,790.9365661246404,7.0,0.0010115999903064221,0.0023511000035796314,0.18380985203221578,,0.3373880845721321,0.0,0.0,767.0828782174,1.0310966240866608,PCA-part,True
glass,varpart,1,787.0139144711109,,787.0139144711109,787.013914471111,9.0,0.0007701999857090414,0.00243569997837767,0.17686608341367824,,0.32890822817189364,0.0,0.0,767.0828782174,1.0259828980931343,var-part,True
glass,bf,20,890.3623624663132,50.890849801123906,808.1467698307955,890.3623624663132,6.1,0.014002405000792351,0.015085594999254682,0.22251451930475272,0.02660672064061812,0.37286502638056807,0.0,0.0,767.0828782174,1.1607120791633345,Bradley-Fayyad,
glass,qr,1,818.0631576559572,,818.0631576559572,818.063157655957,18.0,0.00013259999104775488,0.00347729999339208,0.22629181561224362,,0.34619323343830233,0.0,0.0,767.0828782174,1.0664599365808147,plain pivoted QR,True
glass,maxvol,1,818.0631576559572,,818.0631576559572,818.063157655957,18.0,0.001861500000813976,0.008978199999546632,0.22629181561224362,,0.34619323343830233,0.0,0.0,767.0828782174,1.0664599365808147,maxvol (PC),True
glass,rrqr-i,1,818.0631576559572,,818.0631576559572,818.063157655957,18.0,0.0019826999923679978,0.006078000005800277,0.22629181561224362,,0.34619323343830233,0.0,0.0,767.0828782174,1.0664599365808147,RRQR-Init,True
glass,rrqr-f,20,874.2063390238776,53.882322714287604,774.3641208037551,768.7837528249139,10.05,0.0020125750001170673,0.004597319995809812,0.17440069922042753,0.037240031971389566,0.3126437846708683,0.0,0.0,767.0828782174,1.1396504391486595,RRQR-FS + K-m++,
glass,rrqr-km,1,818.0631576559572,,818.0631576559572,818.0631576559573,18.0,0.0020803000079467893,0.0058176000020466745,0.22629181561224362,,0.34619323343830233,0.0,0.0,767.0828782174,1.0664599365808147,RRQR-KM (ours),True
ionosphere,random,20,9086.002262392161,0.018944341421300047,9085.98184894248,9086.002262392161,8.5,3.971999976783991e-05,0.0015719200018793344,0.1705542777404817,0.002461386385970898,0.1276750293674886,0.0,0.0,9085.98184894248,1.0000022466971672,Random,
ionosphere,kmpp,20,9202.333598903435,520.2796923856915,9085.98184894248,9202.333598903435,8.45,0.0013510349977877921,0.0029966000001877546,0.1616448215383594,0.03600359761596826,0.12130415851777507,0.0,0.0,9085.98184894248,1.0128056331055182,K-means++,
ionosphere,kmpp-g,20,9085.998550855857,0.01894434142182182,9085.98184894248,9085.998550855857,8.8,0.001500319996557664,0.0033080499997595325,0.17007204799541206,0.0024613863859708827,0.12718812218538586,0.0,0.0,9085.98184894248,1.0000018382067732,greedy K-means++,
ionosphere,ff,1,9085.98184894248,,9085.98184894248,9085.98184894248,8.0,0.000375300005543977,0.002005599992116913,0.1679020141425987,,0.12499703986592361,0.0,0.0,9085.98184894248,1.0,farthest-first,True
ionosphere,pcapart,1,9086.018964305538,,9086.018964305538,9086.018964305538,6.0,0.013905900006648153,0.015148299979045987,0.17272431159329507,,0.12986611168695084,0.0,0.0,9085.98184894248,1.0000040849039407,PCA-part,True
ionosphere,varpart,1,9085.98184894248,,9085.98184894248,9085.98184894248,9.0,0.00026610001805238426,0.0018372999911662191,0.1679020141425987,,0.12499703986592361,0.0,0.0,9085.98184894248,1.0,var-part,True
ionosphere,bf,20,9444.31844408446,875.1580346120165,9085.98184894248,9444.31844408446,7.5,0.0073222149978391824,0.0085040050020325,0.14435208503804917,0.060318628272602766,0.10852687278945106,0.0,0.0,9085.98184894248,1.0394384009454836,Bradley-Fayyad,
ionosphere,qr,1,9085.98184894248,,9085.98184894248,9085.98184894248,8.0,0.0005900999822188169,0.002043399988906458,0.1679020141425987,,0.12499703986592361,0.0,0.0,9085.98184894248,1.0,plain pivoted QR,True
ionosphere,maxvol,1,9085.98184894248,,9085.98184894248,9085.98184894248,6.0,0.005588200001511723,0.006969299982301891,0.1679020141425987,,0.12499703986592361,0.0,0.0,9085.98184894248,1.0,maxvol (PC),True
ionosphere,rrqr-i,1,9085.98184894248,,9085.98184894248,9085.98184894248,8.0,0.0013245000154711306,0.0030011000053491443,0.1679020141425987,,0.12499703986592361,0.0,0.0,9085.98184894248,1.0,RRQR-Init,True
ionosphere,rrqr-f,20,9085.992983551398,0.017450246167505453,9085.98184894248,9085.992983551398,8.8,0.004004869998607319,0.0072018049962935034,0.1693487033778076,0.002267262682440626,0.12645776141223178,0.0,0.0,9085.98184894248,1.0000012254711823,RRQR-FS + K-m++,
ionosphere,rrqr-km,1,9085.98184894248,,9085.98184894248,9085.98184894248,8.0,0.0049239000072702765,0.006607299990719184,0.1679020141425987,,0.12499703986592361,0.0,0.0,9085.98184894248,1.0,RRQR-KM (ours),True
iris,random,20,149.2525734027735,19.2884654676763,140.96581663074699,149.2525734027735,6.75,3.699499793583527e-05,0.0012082000044756568,0.5909163762256295,0.06745442000537882,0.6474026591273214,0.0,0.0,140.96581663074699,1.0587855763197773,Random,
iris,kmpp,20,154.62558078997628,23.52207708457553,140.96581663074699,154.6255807899763,6.95,0.00018568499363027512,0.00137255999725312,0.5777112131537121,0.08217348226185868,0.6463511878779629,0.0,0.0,140.96581663074699,1.096901252273169,K-means++,
iris,kmpp-g,20,143.9032339541554,11.33845947088108,140.96581663074699,143.9032339541554,6.65,0.0005897799986996688,0.0016957749976427294,0.6048581994581447,0.04729818944430829,0.6490800214396291,0.0,0.0,140.96581663074699,1.02083779879134,greedy K-means++,
iris,ff,1,142.1106371310419,,142.1106371310419,142.11063713104187,8.0,0.00010119998478330672,0.0012586999800987542,0.645147003482001,,0.6612870494395353,0.0,0.0,140.96581663074699,1.0081212632087517,farthest-first,True
iris,pcapart,1,142.1106371310419,,142.1106371310419,142.11063713104187,7.0,0.00037220001104287803,0.0013908999972045422,0.645147003482001,,0.6612870494395353,0.0,0.0,140.96581663074699,1.0081212632087517,PCA-part,True
iris,varpart,1,141.15417813388652,,141.15417813388652,141.15417813388655,5.0,0.000299000006634742,0.001026200014166534,0.5923326221845838,,0.6426583176523605,0.0,0.0,140.96581663074699,1.0013362211324817,var-part,True
iris,bf,20,144.05657462759453,12.630584202389256,140.96581663074699,144.05657462759456,4.95,0.010317829994892235,0.011153114997432568,0.607714190669435,0.03932854418638739,0.6553070743070711,0.0,0.0,140.96581663074699,1.0219255850157178,Bradley-Fayyad,
iris,qr,1,141.15417813388652,,141.15417813388652,141.15417813388655,9.0,0.00010870001278817654,0.001722400018479675,0.5923326221845838,,0.6426583176523605,0.0,0.0,140.96581663074699,1.0013362211324817,plain pivoted QR,True
iris,maxvol,1,141.15417813388652,,141.15417813388652,141.15417813388655,10.0,0.0006359000108204782,0.002433400019071996,0.5923326221845838,,0.6426583176523605,0.0,0.0,140.96581663074699,1.0013362211324817,maxvol (PC),True
iris,rrqr-i,1,141.15417813388652,,141.15417813388652,141.15417813388655,9.0,0.0010448999819345772,0.0027818999951705337,0.5923326221845838,,0.6426583176523605,0.0,0.0,140.96581663074699,1.0013362211324817,RRQR-Init,True
iris,rrqr-f,20,150.72740069327267,20.221130314735834,142.36588580728005,133.9871404910886,8.65,0.001398409997636918,0.0031266150035662577,0.5700323681723524,0.04920892983002509,0.62664726881364,0.0,0.0,140.96581663074699,1.0692478807688226,RRQR-FS + K-m++,
iris,rrqr-km,1,141.15417813388652,,141.15417813388652,141.15417813388655,9.0,0.0012180000194348395,0.00273949999245815,0.5923326221845838,,0.6426583176523605,0.0,0.0,140.96581663074699,1.0013362211324817,RRQR-KM (ours),True
seeds_dataset,random,20,430.79152996449955,0.19730526045035163,430.6589731513006,430.79152996449955,11.05,4.67849982669577e-05,0.0019307149981614203,0.779900165704648,0.014258719855503522,0.7346438451347969,0.0,0.0,430.6589731513006,1.0003077999564922,Random,
seeds_dataset,kmpp,20,430.9026813710467,0.2315461327810064,430.6589731513006,430.9026813710467,9.5,0.00017669500375632196,0.0018052949977573006,0.7742662283496817,0.005623961318061749,0.7304277396952369,0.0,0.0,430.6589731513006,1.0005658960684432,K-means++,
seeds_dataset,kmpp-g,20,430.82233147143427,0.2076320059186768,430.6589731513006,430.8223314714343,8.0,0.0005417549982666969,0.0018870200001401827,0.7819445471222313,0.016242010259455916,0.7368523249211945,0.0,0.0,430.6589731513006,1.0003793217611103,greedy K-means++,
seeds_dataset,ff,1,430.6842283346904,,430.6842283346904,430.6842283346904,5.0,0.0001449999981559813,0.0010873000137507915,0.796998283593012,,0.749815751892846,0.0,0.0,430.6589731513006,1.0000586431143068,farthest-first,True
seeds_dataset,pcapart,1,430.6589731513006,,430.6589731513006,430.65897315130064,11.0,0.0006391999777406454,0.0025301999994553626,0.7732937360806309,,0.727864144698467,0.0,0.0,430.6589731513006,1.0,PCA-part,True
seeds_dataset,varpart,1,430.6589731513006,,430.6589731513006,430.65897315130064,12.0,0.000308599992422387,0.0024913999950513244,0.7732937360806309,,0.727864144698467,0.0,0.0,430.6589731513006,1.0,var-part,True
seeds_dataset,bf,20,430.78279168882744,0.16506102601676273,430.65897315130064,430.78279168882744,5.2,0.011360129997774493,0.012196384998969734,0.7842038847876895,0.014413837582563612,0.7386913912958115,0.0,0.0,430.6589731513006,1.0002875094802295,Bradley-Fayyad,
seeds_dataset,qr,1,431.0940396639137,,431.0940396639137,431.09403966391375,5.0,0.0001233000075444579,0.0008648000075481832,0.7960397034605303,,0.7504655184476189,0.0,0.0,430.6589731513006,1.001010234407586,plain pivoted QR,True
seeds_dataset,maxvol,1,431.0940396639137,,431.0940396639137,431.09403966391375,5.0,0.000760800001444295,0.001660000008996576,0.7960397034605303,,0.7504655184476189,0.0,0.0,430.6589731513006,1.001010234407586,maxvol (PC),True
seeds_dataset,rrqr-i,1,431.0940396639137,,431.0940396639137,431.09403966391375,5.0,0.0009329000022262335,0.0018087000062223524,0.7960397034605303,,0.7504655184476189,0.0,0.0,430.6589731513006,1.001010234407586,RRQR-Init,True
seeds_dataset,rrqr-f,20,450.9861076279409,2.5105451083917947,448.9881595298151,266.11224586928364,8.55,0.0014189050009008497,0.003244999994058162,0.7158564066382131,0.006985663999350421,0.6806122830353825,0.0,0.0,430.6589731513006,1.0472000718524421,RRQR-FS + K-m++,
seeds_dataset,rrqr-km,1,431.0940396639137,,431.0940396639137,431.0940396639137,5.0,0.0008885000133886933,0.001977599982637912,0.7960397034605303,,0.7504655184476189,0.0,0.0,430.6589731513006,1.001010234407586,RRQR-KM (ours),True
wdbc,random,20,11595.659122528628,0.16148470343855065,11595.526607115786,11595.659122528628,7.9,3.5990000469610095e-05,0.0018312600033823401,0.6653702563996252,0.011063719410243028,0.5471348638931033,0.0,0.0,11595.461473962345,1.0000170453385342,Random,
wdbc,kmpp,20,11595.6138890784,0.12436632139228036,11595.461473962345,11595.6138890784,9.45,0.0007067550061037764,0.002976520004449412,0.6664948516170532,0.010959749210505099,0.5489147712340883,0.0,0.0,11595.461473962345,1.0000131443769098,K-means++,
wdbc,kmpp-g,20,11595.659748713766,0.20486718461568326,11595.526607115786,11595.659748713766,8.55,0.0012744049992761575,0.00323936999484431,0.6667854341470925,0.01130313259285736,0.5493118265419468,0.0,0.0,11595.461473962345,1.0000170993411401,greedy K-means++,
wdbc,ff,1,11595.683312822135,,11595.683312822135,11595.683312822135,9.0,0.0007651000050827861,0.002828700002282858,0.676504895633523,,0.562020936206382,0.0,0.0,11595.461473962345,1.0000191315248892,farthest-first,True
wdbc,pcapart,1,11595.526607115786,,11595.526607115786,11595.526607115786,6.0,0.004070299997692928,0.005456900020362809,0.6536246043910179,,0.5324078598532422,0.0,0.0,11595.461473962345,1.0000056171247333,PCA-part,True
wdbc,varpart,1,11595.526607115786,,11595.526607115786,11595.526607115786,7.0,0.00034219998633489013,0.0018321999814361334,0.6536246043910179,,0.5324078598532422,0.0,0.0,11595.461473962345,1.0000056171247333,var-part,True
wdbc,bf,20,11595.569749452294,0.09859063938072107,11595.461473962345,11595.569749452294,8.05,0.009275990001333412,0.011006785002246033,0.6679055338771388,0.009901650732856225,0.5509143979616923,0.0,0.0,11595.461473962345,1.0000093377473758,Bradley-Fayyad,
wdbc,qr,1,11595.683312822135,,11595.683312822135,11595.683312822135,9.0,0.0018180999904870987,0.003766799985896796,0.676504895633523,,0.562020936206382,0.0,0.0,11595.461473962345,1.0000191315248892,plain pivoted QR,True
wdbc,maxvol,1,11595.683312822135,,11595.683312822135,11595.683312822135,9.0,0.004328800016082823,0.006680899998173118,0.676504895633523,,0.562020936206382,0.0,0.0,11595.461473962345,1.0000191315248892,maxvol (PC),True
wdbc,rrqr-i,1,11595.683312822135,,11595.683312822135,11595.683312822135,9.0,0.0017805999959819019,0.0038438999908976257,0.676504895633523,,0.562020936206382,0.0,0.0,11595.461473962345,1.0000191315248892,RRQR-Init,True
wdbc,rrqr-f,20,11597.703096389276,0.0,11597.703096389276,11300.352329116922,8.8,0.004507990001002327,0.008317715005250647,0.6420875858864454,0.0,0.521355118395408,0.0,0.0,11595.461473962345,1.0001933189491392,RRQR-FS + K-m++,
wdbc,rrqr-km,1,11595.683312822135,,11595.683312822135,11595.683312822133,9.0,0.0033984000037889928,0.0055392999784089625,0.676504895633523,,0.562020936206382,0.0,0.0,11595.461473962345,1.0000191315248892,RRQR-KM (ours),True
wholesale,random,20,1642.7212653441711,14.294227139835257,1619.952782172456,1642.7212653441711,12.45,3.965000214520842e-05,0.002508735004812479,,,,0.0,0.0,1604.0162997180878,1.0241300326143106,Random,
wholesale,kmpp,20,1639.382376918976,27.296810581649517,1611.5230105475466,1639.382376918976,13.95,0.00014330500271171332,0.002504360000602901,,,,0.0,0.0,1604.0162997180878,1.0220484525045685,K-means++,
wholesale,kmpp-g,20,1633.9296382924313,14.840032373557738,1604.0162997180878,1633.929638292431,11.35,0.0005258650053292513,0.00247176500124624,,,,0.0,0.0,1604.0162997180878,1.018649024065155,greedy K-means++,
wholesale,ff,1,1949.4238164282813,,1949.4238164282813,1949.423816428281,16.0,9.839999256655574e-05,0.0026833000010810792,,,,0.0,0.0,1604.0162997180878,1.2153391563233493,farthest-first,True
wholesale,pcapart,1,1657.9678603942564,,1657.9678603942564,1657.9678603942566,10.0,0.0004504999960772693,0.002130900014890358,,,,0.0,0.0,1604.0162997180878,1.033635294532637,PCA-part,True
wholesale,varpart,1,1619.952782172456,,1619.952782172456,1619.952782172456,17.0,0.0003355999942868948,0.0031746999884489924,,,,0.0,0.0,1604.0162997180878,1.009935361914445,var-part,True
wholesale,bf,20,1668.772302160438,119.44551450483765,1604.0162997180878,1668.772302160438,9.95,0.01072228999400977,0.01237799499212997,,,,0.0,0.0,1604.0162997180878,1.0403711623464993,Bradley-Fayyad,
wholesale,qr,1,1626.8315432835211,,1626.8315432835211,1626.8315432835211,15.0,0.00014540000120177865,0.002559599990490824,,,,0.0,0.0,1604.0162997180878,1.0142238227687856,plain pivoted QR,True
wholesale,maxvol,1,1629.9876146346567,,1629.9876146346567,1629.9876146346567,10.0,0.000736100017093122,0.002877699997043237,,,,0.0,0.0,1604.0162997180878,1.0161914283047706,maxvol (PC),True
wholesale,rrqr-i,1,1626.8315432835211,,1626.8315432835211,1626.8315432835211,15.0,0.0008005999843589962,0.003567199979443103,,,,0.0,0.0,1604.0162997180878,1.0142238227687856,RRQR-Init,True
wholesale,rrqr-f,20,1673.462136546247,41.841281751056606,1631.3819050554832,1412.5820902553,12.2,0.001407384999038186,0.004171429995039944,,,,0.0,0.0,1604.0162997180878,1.043294969533891,RRQR-FS + K-m++,
wholesale,rrqr-km,1,1626.8315432835211,,1626.8315432835211,1626.8315432835211,15.0,0.0013009000103920698,0.003976200008764863,,,,0.0,0.0,1604.0162997180878,1.0142238227687856,RRQR-KM (ours),True
wine,random,20,1296.733404604596,75.49475871082394,1277.9284888446423,1296.733404604596,8.95,4.102000675629824e-05,0.0016106400027638302,0.8568874635757032,0.11579271721390151,0.8488936997829729,0.0,0.0,1277.9284888446423,1.0147151549747162,Random,
wine,kmpp,20,1294.442771343425,68.95116194382815,1277.9284888446423,1294.442771343425,7.9,0.00019345000182511285,0.0015596750003169292,0.8610600839745379,0.11657128081023987,0.8500278024608177,0.0,0.0,1277.9284888446423,1.012922696882447,K-means++,
wine,kmpp-g,20,1279.4952861107486,1.561069465595531,1277.9284888446423,1279.4952861107488,7.3,0.000552185000560712,0.0017735749992425554,0.8837734929927379,0.020657310884253263,0.8664700975524315,0.0,0.0,1277.9284888446423,1.0012260445555312,greedy K-means++,
wine,ff,1,1279.9661527749454,,1279.9661527749454,1279.9661527749456,10.0,0.00017300000763498247,0.0017838000203482807,0.8803997758776985,,0.8609456714542119,0.0,0.0,1277.9284888446423,1.0015945054422766,farthest-first,True
wine,pcapart,1,1282.4635183465311,,1282.4635183465311,1282.4635183465311,6.0,0.00046369998017326,0.0014139999984763563,0.8456161913329393,,0.8463558447444572,0.0,0.0,1277.9284888446423,1.0035487349577665,PCA-part,True
wine,varpart,1,1277.9284888446423,,1277.9284888446423,1277.9284888446423,7.0,0.0004285000031813979,0.0015687999839428812,0.8974949815093207,,0.8758935341223069,0.0,0.0,1277.9284888446423,1.0,var-part,True
wine,bf,20,1372.5712025308098,178.01521666115033,1277.9284888446423,1372.57120253081,6.0,0.01026758499792777,0.01118080999731319,0.7705018507712099,0.22315398923872812,0.7795456019915703,0.0,0.0,1277.9284888446423,1.074059475559335,Bradley-Fayyad,
wine,qr,1,1279.9661527749454,,1279.9661527749454,1279.9661527749456,8.0,0.0001362999901175499,0.0013427000085357577,0.8803997758776985,,0.8609456714542119,0.0,0.0,1277.9284888446423,1.0015945054422766,plain pivoted QR,True
wine,maxvol,1,1277.9284888446423,,1277.9284888446423,1277.9284888446423,9.0,0.0010463999933563173,0.003038299997569993,0.8974949815093207,,0.8758935341223069,0.0,0.0,1277.9284888446423,1.0,maxvol (PC),True
wine,rrqr-i,1,1279.9661527749454,,1279.9661527749454,1279.9661527749456,8.0,0.0011998999980278313,0.002516700013075024,0.8803997758776985,,0.8609456714542119,0.0,0.0,1277.9284888446423,1.0015945054422766,RRQR-Init,True
wine,rrqr-f,20,1295.9812580394,71.62172807627091,1279.9661527749454,1243.7035743523224,9.35,0.0019671699992613867,0.0038813350009149874,0.8546862938188191,0.11499418764375087,0.8403121740747214,0.0,0.0,1277.9284888446423,1.0141265879525692,RRQR-FS + K-m++,
wine,rrqr-km,1,1279.9661527749454,,1279.9661527749454,1279.9661527749454,8.0,0.0008873999759089202,0.0023935000062920153,0.8803997758776985,,0.8609456714542119,0.0,0.0,1277.9284888446423,1.0015945054422766,RRQR-KM (ours),True
yeast,random,20,4463.4459042761355,608.4361102004079,4043.8780972286513,4463.4459042761355,27.0,4.317500424804166e-05,0.012660995003534481,0.1678690850534876,0.011373311646642098,0.29369384835391527,0.0,0.0,4043.345608303936,1.1038991806956664,Random,
yeast,kmpp,20,4248.4252434999635,455.6505763539488,4043.531954644175,4248.425243499963,23.0,0.0046305850002681835,0.015845774998888375,0.16758514442217246,0.01137297136996399,0.29381616285240103,0.0,0.0,4043.345608303936,1.0507202834145193,K-means++,
yeast,kmpp-g,20,4058.672290603709,19.946595940077827,4043.5491864109663,4058.672290603709,24.1,0.008322049996058923,0.02004992499423679,0.16967512998345438,0.007631863752161753,0.29655463632754386,0.0,0.0,4043.345608303936,1.0037905941723844,greedy K-means++,
yeast,ff,1,4346.46561194812,,4346.46561194812,4346.46561194812,34.0,0.0024225999950431287,0.01884020000579767,0.20808641371060246,,0.30472293903392433,0.0,0.0,4043.345608303936,1.0749676216204862,farthest-first,True
yeast,pcapart,1,4076.441853318834,,4076.441853318834,4076.4418533188336,28.0,0.004335300007369369,0.017594700009794906,0.17656829343804362,,0.2998813559982372,0.0,0.0,4043.345608303936,1.008185361386602,PCA-part,True
yeast,varpart,1,4043.345608303936,,4043.345608303936,4043.3456083039355,22.0,0.002806500007864088,0.012695000012172386,0.16598877648880808,,0.29770045638507664,0.0,0.0,4043.345608303936,1.0,var-part,True
yeast,bf,20,4286.029141385188,203.86111941669145,4047.8367422951906,4286.029141385188,33.7,0.030766569996194447,0.04606816000014078,0.1894435960845869,0.030141590361032245,0.2963973061846998,0.45,0.0,4043.345608303936,1.0600204772460822,Bradley-Fayyad,
yeast,qr,1,4346.58470031274,,4346.58470031274,4346.58470031274,36.0,0.0016039000183809549,0.01813350000884384,0.20997783882353604,,0.30641034769718667,0.0,0.0,4043.345608303936,1.0749970745478776,plain pivoted QR,True
yeast,maxvol,1,4346.58470031274,,4346.58470031274,4346.58470031274,36.0,0.004557999985991046,0.021119699988048524,0.20997783882353604,,0.30641034769718667,0.0,0.0,4043.345608303936,1.0749970745478776,maxvol (PC),True
yeast,rrqr-i,1,4346.58470031274,,4346.58470031274,4346.58470031274,36.0,0.0046215000038500875,0.021929599985014647,0.20997783882353604,,0.30641034769718667,0.0,0.0,4043.345608303936,1.0749970745478776,RRQR-Init,True
yeast,rrqr-f,20,4135.356379951162,285.76897764290396,4044.502800210842,4135.356379951162,27.35,0.004136089999519754,0.018986659996153323,0.17199649876391893,0.010198341504357963,0.2977042084962641,0.0,0.0,4043.345608303936,1.0227560986768633,RRQR-FS + K-m++,
yeast,rrqr-km,1,4346.58470031274,,4346.58470031274,4346.58470031274,36.0,0.003051899984711781,0.021090900001581758,0.20997783882353604,,0.30641034769718667,0.0,0.0,4043.345608303936,1.0749970745478776,RRQR-KM (ours),True
